,Unnamed: 0,concept,type,index,hr_index,mc_index,score
134,134,Phase velocity,3,11,11,11,0.01872122815538225
135,135,Transmission medium,3,5.2,5.2,5.2,0.3369089359851687
133,133,Tension (physics),3,1|12.2|12.2.1,1|12.2,12.2,0.3800293612187355
131,131,Non-inertial reference frame,3,3.2.1|21.5|21.5.2,3.2.1|21.5.2,21.5.2,0.4506590231335706
129,129,Normal force,3,12.2|12.2.1,12.2,12.2,0.4985317974900873
128,128,Inertial frame of reference,3,3.2.1|21.5|21.5.2,3.2.1|21.5.2,21.5.2,0.5417864420087486
130,130,Contact force,3,12.2|12.2.1,12.2.1,12.2.1,0.6118378175984952
132,132,Mirror image,3,7.3|7.5|7.5.2,7.3|7.5,7.5,0.6278555135380448
