,Unnamed: 0,Unnamed: 0.1,concept,type,index,hr_index,mc_index,score,single_index,single_score
114,114,114,Phase velocity,3,11,11,11,0.01872122815538225,11,0.01872122815538225
121,121,121,Transmission medium,3,5.2,5.2,5.2,0.3369089359851687,5.2,0.3369089359851687
98,98,98,Tension (physics),3,1|12.2|12.2.1,1|12.2,12.2,0.3800293612187355,12.2,0.3800293612187355
81,81,81,Non-inertial reference frame,3,3.2.1|21.5|21.5.2,3.2.1|21.5.2,21.5.2,0.4506590231335706,21.5.2,0.4506590231335706
61,61,61,Normal force,3,12.2|12.2.1,12.2,12.2,0.4985317974900873,12.2,0.4985317974900873
12,12,12,Inertial frame of reference,3,3.2.1|21.5|21.5.2,3.2.1|21.5.2,21.5.2,0.5417864420087486,21.5.2,0.5417864420087486
65,65,65,Contact force,3,12.2|12.2.1,12.2.1,12.2.1,0.6118378175984952,12.2.1,0.6118378175984952
96,96,96,Mirror image,3,7.3|7.5|7.5.2,7.3|7.5,7.5,0.6278555135380448,7.5,0.6278555135380448
